AGD;Águeda;http://upload.wikimedia.org/wikipedia/commons/thumb/c/c6/LocalAgueda.svg/560px-LocalAgueda.svg.png;335.27;
ALB;Albergaria-a-Velha;http://upload.wikimedia.org/wikipedia/commons/thumb/7/7d/LocalAlbergariaAVelha.svg/560px-LocalAlbergariaAVelha.svg.png;158.830;25252;
AND;Anadia;http://upload.wikimedia.org/wikipedia/commons/thumb/d/d1/LocalAnadia.svg/560px-LocalAnadia.svg.png;216.649;29.150;
ARC;Arouca;http://upload.wikimedia.org/wikipedia/commons/thumb/8/8b/LocalArouca.svg/560px-LocalArouca.svg.png;329.11;22359;
AVR;Aveiro;http://upload.wikimedia.org/wikipedia/commons/thumb/e/e3/LocalAveiro.svg/560px-LocalAveiro.svg.png;197.58;80978;
CPV;Castelo de Paiva;http://upload.wikimedia.org/wikipedia/commons/thumb/7/76/LocalCasteloDePaiva.svg/560px-LocalCasteloDePaiva.svg.png;115.01;16733;
ESP;Espinho;http://upload.wikimedia.org/wikipedia/commons/thumb/f/fa/LocalEspinho.svg/560px-LocalEspinho.svg.png;21.06;31786;
ETR;Estarreja;http://upload.wikimedia.org/wikipedia/commons/thumb/1/10/LocalEstarreja.svg/560px-LocalEstarreja.svg.png;108.17;26.997;
VFR;Santa Maria da Feira;http://upload.wikimedia.org/wikipedia/commons/thumb/f/f4/LocalSantaMariaDaFeira.svg/560px-LocalSantaMariaDaFeira.svg.png;213.45;139313;
ILH;Ílhavo;http://upload.wikimedia.org/wikipedia/commons/thumb/3/3b/LocalIlhavo.svg/560px-LocalIlhavo.svg.png;73.48;38598;
MLD;Mealhada;http://upload.wikimedia.org/wikipedia/commons/thumb/b/b3/LocalMealhada.svg/560px-LocalMealhada.svg.png;110.66;20428;
MRS;Murtosa;http://upload.wikimedia.org/wikipedia/commons/thumb/2/23/LocalMurtosa.svg/560px-LocalMurtosa.svg.png;73.09;10585;
OAZ;Oliveira de Azeméis;http://upload.wikimedia.org/wikipedia/commons/thumb/5/5b/LocalOliveiraDeAzemeis.svg/560px-LocalOliveiraDeAzemeis.svg.png;161.10;69127;
OBR;Oliveira do Bairro;http://upload.wikimedia.org/wikipedia/commons/thumb/0/01/LocalOliveiraDoBairro.svg/560px-LocalOliveiraDoBairro.svg.png;87.32;23028;
OVR;Ovar;http://upload.wikimedia.org/wikipedia/commons/thumb/4/45/LocalOvar.svg/560px-LocalOvar.svg.png;147.70;55398;
SJM;São João da Madeira;http://upload.wikimedia.org/wikipedia/commons/thumb/4/4b/LocalSaoJoaoDaMadeira.svg/560px-LocalSaoJoaoDaMadeira.svg.png;7.94;22.162;
SVV;Sever do Vouga;http://upload.wikimedia.org/wikipedia/commons/thumb/6/6d/LocalSeverDoVouga.svg/560px-LocalSeverDoVouga.svg.png;129.88;12356;
VGS;Vagos;http://upload.wikimedia.org/wikipedia/commons/thumb/5/53/LocalVagos.svg/560px-LocalVagos.svg.png;164.92;22851;
VLC;Vale de Cambra;http://upload.wikimedia.org/wikipedia/commons/thumb/2/29/LocalValeDeCambra.svg/560px-LocalValeDeCambra.svg.png;235.89;22864;
AJT;Aljustrel;http://upload.wikimedia.org/wikipedia/commons/thumb/3/32/LocalAljustrel.svg/560px-LocalAljustrel.svg.png;458.47;8874;
ADV;Almodôvar;http://upload.wikimedia.org/wikipedia/commons/thumb/5/56/LocalAlmodovar.svg/560px-LocalAlmodovar.svg.png;777.88;6713;
AVT;Alvito;http://upload.wikimedia.org/wikipedia/commons/thumb/7/79/LocalAlvito.svg/560px-LocalAlvito.svg.png;264.85;2282;
BRC;Barrancos;http://upload.wikimedia.org/wikipedia/commons/thumb/6/65/LocalBarrancos.svg/560px-LocalBarrancos.svg.png;168.42;1435;
BJA;Beja;http://upload.wikimedia.org/wikipedia/commons/thumb/6/62/LocalBeja.svg/560px-LocalBeja.svg.png;1106.44;33401;
CVR;Castro Verde;http://upload.wikimedia.org/wikipedia/commons/thumb/a/a9/LocalCastroVerde.svg/560px-LocalCastroVerde.svg.png;569.44;6873;
CBA;Cuba;http://upload.wikimedia.org/wikipedia/commons/thumb/c/c9/LocalCuba.svg/560px-LocalCuba.svg.png;172.09;4374;
FAL;Ferreira do Alentejo;http://upload.wikimedia.org/wikipedia/commons/thumb/a/a4/LocalFerreiraDoAlentejo.svg/560px-LocalFerreiraDoAlentejo.svg.png;648.25;7686;
MTL;Mértola;http://upload.wikimedia.org/wikipedia/commons/thumb/e/e7/LocalMertola.svg/560px-LocalMertola.svg.png;1292.87;6205;
MRA;Moura;http://upload.wikimedia.org/wikipedia/commons/thumb/b/bc/LocalMoura.svg/560px-LocalMoura.svg.png;958.46;13259;
ODM;Odemira;http://upload.wikimedia.org/wikipedia/commons/thumb/5/55/LocalOdemira.svg/560px-LocalOdemira.svg.png;1720.60;29523;
ORQ;Ourique;http://upload.wikimedia.org/wikipedia/commons/thumb/e/e6/LocalOurique.svg/560px-LocalOurique.svg.png;663.31;4840;
SRP;Serpa;http://upload.wikimedia.org/wikipedia/commons/thumb/e/ef/LocalSerpa.svg/560px-LocalSerpa.svg.png;1105.63;13764;
VDG;Vidigueira;http://upload.wikimedia.org/wikipedia/commons/thumb/a/ab/LocalVidigueira.svg/560px-LocalVidigueira.svg.png;316.61;5176;
AMR;Amares;http://upload.wikimedia.org/wikipedia/commons/thumb/f/f7/LocalAmares.svg/560px-LocalAmares.svg.png;81.95;18591;
BCL;Barcelos;http://upload.wikimedia.org/wikipedia/commons/thumb/e/eb/LocalBarcelos.svg/560px-LocalBarcelos.svg.png;378.9;120391;
BRG;Braga;http://upload.wikimedia.org/wikipedia/commons/thumb/b/b3/LocalBraga.svg/560px-LocalBraga.svg.png;183.4;193349;
CBC;Cabeceiras de Basto;http://upload.wikimedia.org/wikipedia/commons/thumb/d/d2/LocalCabeceirasDeBasto.svg/560px-LocalCabeceirasDeBasto.svg.png;241.82;16064;
CBT;Celorico de Basto;http://upload.wikimedia.org/wikipedia/commons/thumb/5/57/LocalCeloricoDeBasto.svg/560px-LocalCeloricoDeBasto.svg.png;181.07;20098;
EPS;Esposende;http://upload.wikimedia.org/wikipedia/commons/thumb/6/63/LocalEsposende.svg/560px-LocalEsposende.svg.png;95.41;33947;
FAF;Fafe;http://upload.wikimedia.org/wikipedia/commons/thumb/a/aa/LocalFafe.svg/560px-LocalFafe.svg.png;219.08;48502;
GMR;Guimarães;http://upload.wikimedia.org/wikipedia/commons/thumb/8/8c/LocalGuimaraes.svg/560px-LocalGuimaraes.svg.png;240.95;156852;
PVL;Póvoa de Lanhoso;http://upload.wikimedia.org/wikipedia/commons/thumb/0/0e/LocalPovoaDeLanhoso.svg/560px-LocalPovoaDeLanhoso.svg.png;134.65;21787;
TBR;Terras de Bouro;http://upload.wikimedia.org/wikipedia/commons/thumb/7/7c/LocalTerrasDeBouro.svg/560px-LocalTerrasDeBouro.svg.png;277.46;6359;
VRM;Vieira do Minho;http://upload.wikimedia.org/wikipedia/commons/thumb/9/91/LocalVieiraDoMinho.svg/560px-LocalVieiraDoMinho.svg.png;218.05;12997;
VNF;Vila Nova de Famalicão;http://upload.wikimedia.org/wikipedia/commons/thumb/3/3d/LocalVilaNovaDeFamalicao.svg/560px-LocalVilaNovaDeFamalicao.svg.png;201.59;133590;
VVD;Vila Verde;http://upload.wikimedia.org/wikipedia/commons/thumb/d/d0/LocalVilaVerde.svg/560px-LocalVilaVerde.svg.png;228.67;46474;
VIZ;Vizela;http://upload.wikimedia.org/wikipedia/commons/thumb/b/b0/LocalVizela.svg/560px-LocalVizela.svg.png;24.70;23736;
AFE;Alfândega da Fé;http://upload.wikimedia.org/wikipedia/commons/thumb/f/f9/LocalAlfandegaDaFe.svg/560px-LocalAlfandegaDaFe.svg.png;321.95;5104;
BGC;Bragança;http://upload.wikimedia.org/wikipedia/commons/thumb/5/5a/LocalBraganca.svg/560px-LocalBraganca.svg.png;1173.57;34589;
CRZ;Carrazeda de Ansiães;http://upload.wikimedia.org/wikipedia/commons/thumb/2/29/LocalCarrazedaDeAnsiaes.svg/560px-LocalCarrazedaDeAnsiaes.svg.png;279.24;5494;
FEC;Freixo de Espada à Cinta;http://upload.wikimedia.org/wikipedia/commons/thumb/d/d3/LocalFreixoDeEspadaACinta.svg/560px-LocalFreixoDeEspadaACinta.svg.png;244.14;3215;
MCD;Macedo de Cavaleiros;http://upload.wikimedia.org/wikipedia/commons/thumb/0/02/LocalMacedoDeCavaleiros.svg/560px-LocalMacedoDeCavaleiros.svg.png;699.14;15776;
MDR;Miranda do Douro;https://upload.wikimedia.org/wikipedia/commons/thumb/0/00/LocalMirandaDoDouro.svg/560px-LocalMirandaDoDouro.svg.png;487.18;6466;
MDL;Mirandela;http://upload.wikimedia.org/wikipedia/commons/thumb/5/5a/LocalMirandela.svg/560px-LocalMirandela.svg.png;658.96;23850;
MGD;Mogadouro;http://upload.wikimedia.org/wikipedia/commons/thumb/c/c0/LocalMogadouro.svg/560px-LocalMogadouro.svg.png;760.65;9542;
TMC;Torre de Moncorvo;http://upload.wikimedia.org/wikipedia/commons/thumb/1/12/LocalTorreDeMoncorvo.svg/560px-LocalTorreDeMoncorvo.svg.png;531.56;8572;
VFL;Vila Flor;http://upload.wikimedia.org/wikipedia/commons/thumb/c/ca/LocalVilaFlor.svg/560px-LocalVilaFlor.svg.png;265.81;6697;
VMS;Vimioso;http://upload.wikimedia.org/wikipedia/commons/thumb/0/02/LocalVimioso.svg/560px-LocalVimioso.svg.png;481.59;4669;
VNH;Vinhais;http://upload.wikimedia.org/wikipedia/commons/thumb/9/9b/LocalVinhais.svg/560px-LocalVinhais.svg.png;694.76;9066;
BMT;Belmonte;http://upload.wikimedia.org/wikipedia/commons/thumb/0/05/LocalBelmonte.svg/560px-LocalBelmonte.svg.png;118.76;6204;
CTB;Castelo Branco;http://upload.wikimedia.org/wikipedia/commons/thumb/b/b8/LocalCasteloBranco.svg/560px-LocalCasteloBranco.svg.png;1438.19;52291;
CVL;Covilhã;http://upload.wikimedia.org/wikipedia/commons/thumb/3/30/LocalCovilha.svg/560px-LocalCovilha.svg.png;555.60;46457;
FND;Fundão;http://upload.wikimedia.org/wikipedia/commons/thumb/6/64/LocalFundao.svg/560px-LocalFundao.svg.png;700.20;26509;
IDN;Idanha-a-Nova;http://upload.wikimedia.org/wikipedia/commons/thumb/c/c4/LocalIdanhaANova.svg/560px-LocalIdanhaANova.svg.png;1416.34;8340;
OLR;Oleiros;http://upload.wikimedia.org/wikipedia/commons/thumb/7/70/LocalOleiros.svg/560px-LocalOleiros.svg.png;464.67;4900;
PNC;Penamacor;http://upload.wikimedia.org/wikipedia/commons/thumb/6/6d/LocalPenamacor.svg/560px-LocalPenamacor.svg.png;563.71;4764;
PNV;Proença-a-Nova;http://upload.wikimedia.org/wikipedia/commons/thumb/e/e5/LocalProencaANova.svg/560px-LocalProencaANova.svg.png;385.39;7147;
SRT;Sertã;http://upload.wikimedia.org/wikipedia/commons/thumb/3/36/LocalSerta.svg/560px-LocalSerta.svg.png;453.13;14748;
VLR;Vila de Rei;http://upload.wikimedia.org/wikipedia/commons/thumb/2/26/LocalVilaDeRei.svg/560px-LocalVilaDeRei.svg.png;191.55;3276;
VVR;Vila Velha de Ródão;http://upload.wikimedia.org/wikipedia/commons/thumb/a/a8/LocalVilaVelhaDeRodao.svg/560px-LocalVilaVelhaDeRodao.svg.png;329.91;3287;
AGN;Arganil;http://upload.wikimedia.org/wikipedia/commons/thumb/1/19/LocalArganil.svg/560px-LocalArganil.svg.png;332.84;11596;
CNT;Cantanhede;http://upload.wikimedia.org/wikipedia/commons/thumb/c/c3/LocalCantanhede.svg/560px-LocalCantanhede.svg.png;390.88;34218;
CBR;Coimbra;http://upload.wikimedia.org/wikipedia/commons/thumb/9/97/LocalCoimbra.svg/560px-LocalCoimbra.svg.png;319.4;140796;
CDN;Condeixa-a-Nova;http://upload.wikimedia.org/wikipedia/commons/thumb/7/7c/LocalCondeixaANova.svg/560px-LocalCondeixaANova.svg.png;138.68;17078;
FIG;Figueira da Foz;http://upload.wikimedia.org/wikipedia/commons/thumb/6/66/LocalFigueiraDaFoz.svg/560px-LocalFigueiraDaFoz.svg.png;379.05;62125;
GOI;Góis;http://upload.wikimedia.org/wikipedia/commons/thumb/c/cc/LocalGois.svg/560px-LocalGois.svg.png;263.30;4260;
LSA;Lousã;http://upload.wikimedia.org/wikipedia/commons/thumb/7/78/LocalLousa.svg/560px-LocalLousa.svg.png;138.40;17604;
MIR;Mira;http://upload.wikimedia.org/wikipedia/commons/thumb/7/7c/LocalMira.svg/560px-LocalMira.svg.png;124.03;12465;
MCV;Miranda do Corvo;http://upload.wikimedia.org/wikipedia/commons/thumb/5/59/LocalMirandaDoCorvo.svg/560px-LocalMirandaDoCorvo.svg.png;126.38;13098;
MMV;Montemor-o-Velho;http://upload.wikimedia.org/wikipedia/commons/thumb/2/2e/LocalMontemorOVelho.svg/560px-LocalMontemorOVelho.svg.png;228.96;26171;
OHP;Oliveira do Hospital;http://upload.wikimedia.org/wikipedia/commons/thumb/c/cc/LocalOliveiraDoHospital.svg/560px-LocalOliveiraDoHospital.svg.png;234.52;19421;
PPS;Pampilhosa da Serra;http://upload.wikimedia.org/wikipedia/commons/thumb/0/0f/LocalPampilhosaDaSerra.svg/560px-LocalPampilhosaDaSerra.svg.png;396.46;4.083;
PCV;Penacova;http://upload.wikimedia.org/wikipedia/commons/thumb/1/16/LocalPenacova.svg/560px-LocalPenacova.svg.png;216.73;13119;
PNL;Penela;http://upload.wikimedia.org/wikipedia/commons/thumb/5/5c/LocalPenela.svg/560px-LocalPenela.svg.png;132.49;5983;
SRE;Soure;http://upload.wikimedia.org/wikipedia/commons/thumb/1/16/LocalSoure.svg/560px-LocalSoure.svg.png;263.91;19245;
TBU;Tábua;http://upload.wikimedia.org/wikipedia/commons/thumb/a/ab/LocalTabua.svg/560px-LocalTabua.svg.png;199.79;12071;
PRS;Vila Nova de Poiares;http://upload.wikimedia.org/wikipedia/commons/thumb/d/db/LocalVilaNovaDePoiares.svg/560px-LocalVilaNovaDePoiares.svg.png;84.45;7281;
ADL;Alandroal;http://upload.wikimedia.org/wikipedia/commons/thumb/2/2f/LocalAlandroal.svg/560px-LocalAlandroal.svg.png;542.68;5007;
ARL;Arraiolos;http://upload.wikimedia.org/wikipedia/commons/thumb/0/02/LocalArraiolos.svg/560px-LocalArraiolos.svg.png;683.75;6619;
BRB;Borba;http://upload.wikimedia.org/wikipedia/commons/thumb/7/75/LocalBorba.svg/560px-LocalBorba.svg.png;145.19;6428;
ETZ;Estremoz;http://upload.wikimedia.org/wikipedia/commons/thumb/a/a6/LocalEstremoz.svg/560px-LocalEstremoz.svg.png;513.80;12683;
EVR;Évora;http://upload.wikimedia.org/wikipedia/commons/thumb/4/41/LocalEvora.svg/560px-LocalEvora.svg.png;1307.08;53591;
MMN;Montemor-o-Novo;http://upload.wikimedia.org/wikipedia/commons/thumb/4/41/LocalMontemorONovo.svg/560px-LocalMontemorONovo.svg.png;1232.97;15 804;
MOR;Mora;http://upload.wikimedia.org/wikipedia/commons/thumb/2/2b/LocalMora.svg/560px-LocalMora.svg.png;443.95;4135;
MOU;Mourão;http://upload.wikimedia.org/wikipedia/commons/thumb/6/6d/LocalMourao.svg/560px-LocalMourao.svg.png;278.63;2351;
PRL;Portel;http://upload.wikimedia.org/wikipedia/commons/thumb/1/18/LocalPortel.svg/560px-LocalPortel.svg.png;601.01;5747;
RDD;Redondo;http://upload.wikimedia.org/wikipedia/commons/thumb/e/eb/LocalRedondo.svg/560px-LocalRedondo.svg.png;369.51;6300;
RMZ;Reguengos de Monsaraz;http://upload.wikimedia.org/wikipedia/commons/thumb/c/c8/LocalReguengosDeMonsaraz.svg/560px-LocalReguengosDeMonsaraz.svg.png;464.00;9871;
VND;Vendas Novas;http://upload.wikimedia.org/wikipedia/commons/thumb/2/29/LocalVendasNovas.svg/560px-LocalVendasNovas.svg.png;222.39;11260;
VNT;Viana do Alentejo;http://upload.wikimedia.org/wikipedia/commons/thumb/f/f9/LocalVianaDoAlentejo.svg/560px-LocalVianaDoAlentejo.svg.png;393.67;5319;
VVC;Vila Viçosa;http://upload.wikimedia.org/wikipedia/commons/thumb/6/64/LocalVilaVicosa.svg/560px-LocalVilaVicosa.svg.png;194.86;7388;
ABF;Albufeira;http://upload.wikimedia.org/wikipedia/commons/thumb/6/6c/LocalAlbufeira.svg/560px-LocalAlbufeira.svg.png;140.66;44158;
ACT;Alcoutim;http://upload.wikimedia.org/wikipedia/commons/thumb/9/94/LocalAlcoutim.svg/560px-LocalAlcoutim.svg.png;575.36;2521;
AJZ;Aljezur;http://upload.wikimedia.org/wikipedia/commons/thumb/c/cb/LocalAljezur.svg/560px-LocalAljezur.svg.png;323.50;6046;
CTM;Castro Marim;http://upload.wikimedia.org/wikipedia/commons/thumb/2/2c/LocalCastroMarim.svg/560px-LocalCastroMarim.svg.png;300.84;6434;
FAR;Faro;http://upload.wikimedia.org/wikipedia/commons/thumb/2/22/LocalFaro.svg/560px-LocalFaro.svg.png;202.57;67650;
LAG;Lagoa;http://upload.wikimedia.org/wikipedia/commons/thumb/b/b0/LocalLagoa.svg/560px-LocalLagoa.svg.png;88.25;23718;
LGS;Lagos;http://upload.wikimedia.org/wikipedia/commons/thumb/8/81/LocalLagos.svg/560px-LocalLagos.svg.png;212.99;33514;
LLE;Loulé;http://upload.wikimedia.org/wikipedia/commons/thumb/3/35/LocalLoule.svg/560px-LocalLoule.svg.png;763.67;72373;
MCQ;Monchique;http://upload.wikimedia.org/wikipedia/commons/thumb/a/a7/LocalMonchique.svg/560px-LocalMonchique.svg.png;395.30;5465;
OLH;Olhão;http://upload.wikimedia.org/wikipedia/commons/thumb/7/7a/LocalOlhao.svg/560px-LocalOlhao.svg.png;130.86;44639;
PTM;Portimão;http://upload.wikimedia.org/wikipedia/commons/thumb/f/fe/LocalPortimao.svg/560px-LocalPortimao.svg.png;182.06;59867;
SBA;São Brás de Alportel;http://upload.wikimedia.org/wikipedia/commons/thumb/3/3b/LocalSaoBrasDeAlportel.svg/560px-LocalSaoBrasDeAlportel.svg.png;153.37;11266;
SLV;Silves;http://upload.wikimedia.org/wikipedia/commons/thumb/5/53/LocalSilves.svg/560px-LocalSilves.svg.png;680.06;37813;
TVR;Tavira;http://upload.wikimedia.org/wikipedia/commons/thumb/7/71/LocalTavira.svg/560px-LocalTavira.svg.png;606.97;27536;<p>É sede do <b>;
VBP;Vila do Bispo;http://upload.wikimedia.org/wikipedia/commons/thumb/0/0a/LocalVilaDoBispo.svg/560px-LocalVilaDoBispo.svg.png;179.06;5258;
VRS;Vila Real de Santo António;http://upload.wikimedia.org/wikipedia/commons/thumb/1/18/LocalVilaRealDeSantoAntonio.svg/560px-LocalVilaRealDeSantoAntonio.svg.png;61.25;18828<sup id="cite_ref-INE2021Prov_1-0" class="reference">;
AGB;Aguiar da Beira;http://upload.wikimedia.org/wikipedia/commons/thumb/6/6a/LocalAguiarDaBeira.svg/560px-LocalAguiarDaBeira.svg.png;206.77;5231;
ALD;Almeida;http://upload.wikimedia.org/wikipedia/commons/thumb/5/57/LocalAlmeida.svg/560px-LocalAlmeida.svg.png;517.99;5882;
CLB;Celorico da Beira;http://upload.wikimedia.org/wikipedia/commons/thumb/9/9f/LocalCeloricoDaBeira.svg/560px-LocalCeloricoDaBeira.svg.png;247.22;7693;
FCR;Figueira de Castelo Rodrigo;http://upload.wikimedia.org/wikipedia/commons/thumb/f/f6/LocalFigueiraDeCasteloRodrigo.svg/560px-LocalFigueiraDeCasteloRodrigo.svg.png;508.58;6260;
FAG;Fornos de Algodres;http://upload.wikimedia.org/wikipedia/commons/thumb/9/98/LocalFornosDeAlgodres.svg/560px-LocalFornosDeAlgodres.svg.png;131.45;4989;
GVA;Gouveia;http://upload.wikimedia.org/wikipedia/commons/thumb/f/f9/LocalGouveia.svg/560px-LocalGouveia.svg.png;300.61;14046;
GRD;Guarda;http://upload.wikimedia.org/wikipedia/commons/thumb/5/56/LocalGuarda.svg/560px-LocalGuarda.svg.png;712.1;40126;
MTG;Manteigas;https://upload.wikimedia.org/wikipedia/commons/thumb/9/9e/LocalManteigas.svg/560px-LocalManteigas.svg.png;121.98;3430;
MED;Mêda;http://upload.wikimedia.org/wikipedia/commons/thumb/3/39/LocalMeda.svg/560px-LocalMeda.svg.png;286.05;5202;
PNH;Pinhel;http://upload.wikimedia.org/wikipedia/commons/thumb/7/71/LocalPinhel.svg/560px-LocalPinhel.svg.png;484.52;9627;
SBG;Sabugal;http://upload.wikimedia.org/wikipedia/commons/thumb/d/d7/LocalSabugal.svg/560px-LocalSabugal.svg.png;822.70;12544;
SEI;Seia;http://upload.wikimedia.org/wikipedia/commons/thumb/a/aa/LocalSeia.svg/560px-LocalSeia.svg.png;435.69;24702;
TCS;Trancoso;http://upload.wikimedia.org/wikipedia/commons/thumb/8/8a/LocalTrancoso.svg/560px-LocalTrancoso.svg.png;361.52;9878;
VLF;Vila Nova de Foz Côa;http://upload.wikimedia.org/wikipedia/commons/thumb/e/ea/LocalVilaNovaDeFozCoa.svg/560px-LocalVilaNovaDeFozCoa.svg.png;398.15;6304;
ACB;Alcobaça;http://upload.wikimedia.org/wikipedia/commons/thumb/f/f0/LocalAlcobaca.svg/560px-LocalAlcobaca.svg.png;408.14;54981;
AVZ;Alvaiázere;http://upload.wikimedia.org/wikipedia/commons/thumb/b/b0/LocalAlvaiazere.svg/560px-LocalAlvaiazere.svg.png;160.48;7287;<p>Com sede na vila de;
ANS;Ansião;http://upload.wikimedia.org/wikipedia/commons/thumb/f/fe/LocalAnsiao.svg/560px-LocalAnsiao.svg.png;176.09;13128;
BTL;Batalha;http://upload.wikimedia.org/wikipedia/commons/thumb/a/ae/LocalBatalha.svg/560px-LocalBatalha.svg.png;103.42;15805;
BBR;Bombarral;http://upload.wikimedia.org/wikipedia/commons/thumb/7/71/LocalBombarral.svg/560px-LocalBombarral.svg.png;91.29;13193;
CLD;Caldas da Rainha;http://upload.wikimedia.org/wikipedia/commons/thumb/9/9d/LocalCaldasDaRainha.svg/560px-LocalCaldasDaRainha.svg.png;255.69;50898;
CPR;Castanheira de Pêra;http://upload.wikimedia.org/wikipedia/commons/thumb/2/25/LocalCastanheiraDePera.svg/560px-LocalCastanheiraDePera.svg.png;66.78;2 667;
FVN;Figueiró dos Vinhos;http://upload.wikimedia.org/wikipedia/commons/thumb/2/2e/LocalFigueiroDosVinhos.svg/560px-LocalFigueiroDosVinhos.svg.png;173.44;5 296;
LRA;Leiria;http://upload.wikimedia.org/wikipedia/commons/thumb/d/db/LocalLeiria.svg/560px-LocalLeiria.svg.png;565.09;128 616;
MGR;Marinha Grande;http://upload.wikimedia.org/wikipedia/commons/thumb/3/3d/LocalMarinhaGrande.svg/560px-LocalMarinhaGrande.svg.png;187.25;39032;
NZR;Nazaré;http://upload.wikimedia.org/wikipedia/commons/thumb/8/86/LocalNazare.svg/560px-LocalNazare.svg.png;82.43;14 889;
OBD;Óbidos;http://upload.wikimedia.org/wikipedia/commons/thumb/5/5b/LocalObidos.svg/560px-LocalObidos.svg.png;141.55;11772;
PGR;Pedrógão Grande;http://upload.wikimedia.org/wikipedia/commons/thumb/1/12/LocalPedrogaoGrande.svg/560px-LocalPedrogaoGrande.svg.png;128.75;3392;
PNI;Peniche;http://upload.wikimedia.org/wikipedia/commons/thumb/6/67/LocalPeniche.svg/560px-LocalPeniche.svg.png;77.55;27753;
PBL;Pombal;http://upload.wikimedia.org/wikipedia/commons/thumb/e/e7/LocalPombal.svg/560px-LocalPombal.svg.png;626.00;51178;
PMS;Porto de Mós;http://upload.wikimedia.org/wikipedia/commons/thumb/b/bc/LocalPortoDeMos.svg/560px-LocalPortoDeMos.svg.png;261.83;23203;
ALQ;Alenquer;http://upload.wikimedia.org/wikipedia/commons/thumb/2/24/LocalAlenquer.svg/560px-LocalAlenquer.svg.png;304.22;43267;
ARV;Arruda dos Vinhos;http://upload.wikimedia.org/wikipedia/commons/thumb/6/61/LocalArrudaDosVinhos.svg/560px-LocalArrudaDosVinhos.svg.png;77.96;13391;
AZB;Azambuja;http://upload.wikimedia.org/wikipedia/commons/thumb/6/62/LocalAzambuja.svg/560px-LocalAzambuja.svg.png;262.66;21442;
CDV;Cadaval;http://upload.wikimedia.org/wikipedia/commons/thumb/7/7f/LocalCadaval.svg/560px-LocalCadaval.svg.png;174.89;14228;
CSC;Cascais;http://upload.wikimedia.org/wikipedia/commons/thumb/7/75/LocalCascais.svg/560px-LocalCascais.svg.png;97.40;214134<sup id="cite_ref-censos2021_1-0" class="reference">;
LSB;Lisboa;http://upload.wikimedia.org/wikipedia/commons/thumb/7/7f/LocalLisboa.svg/560px-LocalLisboa.svg.png;100.05;544851<sup id="cite_ref-censo2021_1-0" class="reference">;
LRS;Loures;http://upload.wikimedia.org/wikipedia/commons/thumb/0/0c/LocalLoures.svg/560px-LocalLoures.svg.png;167.24;201646;
LNH;Lourinhã;http://upload.wikimedia.org/wikipedia/commons/thumb/6/60/LocalLourinha.svg/560px-LocalLourinha.svg.png;147.17;25735;
MFR;Mafra;http://upload.wikimedia.org/wikipedia/commons/thumb/a/a9/LocalMafra.svg/560px-LocalMafra.svg.png;291.66;86523;
OER;Oeiras;http://upload.wikimedia.org/wikipedia/commons/thumb/5/51/LocalOeiras.svg/560px-LocalOeiras.svg.png;45.88;171802;
SNT;Sintra;http://upload.wikimedia.org/wikipedia/commons/thumb/5/51/LocalSintra.svg/560px-LocalSintra.svg.png;319.23;385954<sup id="cite_ref-censos2021_1-0" class="reference">;
SMA;Sobral de Monte Agraço;http://upload.wikimedia.org/wikipedia/commons/thumb/4/45/LocalSobralDeMonteAgraco.svg/560px-LocalSobralDeMonteAgraco.svg.png;52.10;10156;
TVD;Torres Vedras;http://upload.wikimedia.org/wikipedia/commons/thumb/b/b3/LocalTorresVedras.svg/560px-LocalTorresVedras.svg.png;407.15;83130;
VFX;Vila Franca de Xira;http://upload.wikimedia.org/wikipedia/commons/thumb/5/58/LocalVilaFrancaDeXira.svg/560px-LocalVilaFrancaDeXira.svg.png;318.19;136886;
AMD;Amadora;http://upload.wikimedia.org/wikipedia/commons/thumb/1/15/LocalAmadora.svg/560px-LocalAmadora.svg.png;23.79;171719;
ODV;Odivelas;http://upload.wikimedia.org/wikipedia/commons/thumb/d/db/LocalOdivelas.svg/560px-LocalOdivelas.svg.png;26.54;148.156;
ALT;Alter do Chão;http://upload.wikimedia.org/wikipedia/commons/thumb/5/52/LocalAlterDoChao.svg/560px-LocalAlterDoChao.svg.png;362.07;3044;
ARR;Arronches;http://upload.wikimedia.org/wikipedia/commons/thumb/4/4b/LocalArronches.svg/560px-LocalArronches.svg.png;314.65;2789;
AVS;Avis;http://upload.wikimedia.org/wikipedia/commons/thumb/8/80/LocalAvis.svg/560px-LocalAvis.svg.png;605.97;3812;
CMR;Campo Maior;http://upload.wikimedia.org/wikipedia/commons/thumb/7/70/LocalCampoMaior.svg/560px-LocalCampoMaior.svg.png;247.20;8042;
CVD;Castelo de Vide;http://upload.wikimedia.org/wikipedia/commons/thumb/6/6b/LocalCasteloDeVide.svg/560px-LocalCasteloDeVide.svg.png;264.91;3116;
CRT;Crato;http://upload.wikimedia.org/wikipedia/commons/thumb/5/5d/LocalCrato.svg/560px-LocalCrato.svg.png;398.07;3225;
ELV;Elvas;http://upload.wikimedia.org/wikipedia/commons/thumb/0/08/LocalElvas.svg/560px-LocalElvas.svg.png;631.29;20753;
FTR;Fronteira;http://upload.wikimedia.org/wikipedia/commons/thumb/5/56/LocalFronteira.svg/560px-LocalFronteira.svg.png;248.60;2858;
GAV;Gavião;http://upload.wikimedia.org/wikipedia/commons/thumb/2/27/LocalGaviao.svg/560px-LocalGaviao.svg.png;294.59;3394;
MRV;Marvão;http://upload.wikimedia.org/wikipedia/commons/thumb/4/44/LocalMarvao.svg/560px-LocalMarvao.svg.png;154.90;3021;
MFT;Monforte;http://upload.wikimedia.org/wikipedia/commons/thumb/0/0c/LocalMonforte.svg/560px-LocalMonforte.svg.png;420.25;2992;
NIS;Nisa;http://upload.wikimedia.org/wikipedia/commons/thumb/6/67/LocalNisa.svg/560px-LocalNisa.svg.png;575.68;5951;
PSR;Ponte de Sor;http://upload.wikimedia.org/wikipedia/commons/thumb/2/2e/LocalPonteDeSor.svg/560px-LocalPonteDeSor.svg.png;839.71;15249;
PTG;Portalegre;http://upload.wikimedia.org/wikipedia/commons/thumb/e/ee/LocalPortalegre.svg/560px-LocalPortalegre.svg.png;447.14;22368;
SSL;Sousel;http://upload.wikimedia.org/wikipedia/commons/thumb/7/7f/LocalSousel.svg/560px-LocalSousel.svg.png;279.32;4360;
AMT;Amarante;http://upload.wikimedia.org/wikipedia/commons/thumb/8/87/LocalAmarante.svg/560px-LocalAmarante.svg.png;301.33;56264;
BAO;Baião;http://upload.wikimedia.org/wikipedia/commons/thumb/7/76/LocalBaiao.svg/560px-LocalBaiao.svg.png;174.53;20522;
FLG;Felgueiras;http://upload.wikimedia.org/wikipedia/commons/thumb/4/47/LocalFelgueiras.svg/560px-LocalFelgueiras.svg.png;115.74;58065;
GDM;Gondomar;http://upload.wikimedia.org/wikipedia/commons/thumb/5/52/LocalGondomar.svg/560px-LocalGondomar.svg.png;131.86;168027;
LOU;Lousada;http://upload.wikimedia.org/wikipedia/commons/thumb/8/84/LocalLousada.svg/560px-LocalLousada.svg.png;96.08;47387;em-se assistido nas últimas décadas a um esforço cada vez mais significativo no sentido de combater o;
MAI;Maia;http://upload.wikimedia.org/wikipedia/commons/thumb/c/c8/LocalMaia.svg/560px-LocalMaia.svg.png;82.99;135678;
MCN;Marco de Canaveses;http://upload.wikimedia.org/wikipedia/commons/thumb/0/07/LocalMarcoDeCanaveses.svg/560px-LocalMarcoDeCanaveses.svg.png;201.89;53450;
MTS;Matosinhos;http://upload.wikimedia.org/wikipedia/commons/thumb/1/19/LocalMatosinhos.svg/560px-LocalMatosinhos.svg.png;62.42;175478;
PFR;Paços de Ferreira;http://upload.wikimedia.org/wikipedia/commons/thumb/c/c8/LocalPacosDeFerreira.svg/560px-LocalPacosDeFerreira.svg.png;70.99;56340;
PRD;Paredes;http://upload.wikimedia.org/wikipedia/commons/thumb/2/2d/LocalParedes.svg/560px-LocalParedes.svg.png;156.76;86854;
PNF;Penafiel;http://upload.wikimedia.org/wikipedia/commons/thumb/a/ae/LocalPenafiel.svg/560px-LocalPenafiel.svg.png;212.24;72265;
PRT;Porto;http://upload.wikimedia.org/wikipedia/commons/thumb/2/24/LocalPorto.svg/560px-LocalPorto.svg.png;41.42;231962;
PVZ;Póvoa de Varzim;http://upload.wikimedia.org/wikipedia/commons/thumb/2/20/LocalPovoaDeVarzim.svg/560px-LocalPovoaDeVarzim.svg.png;82.21;63408;
STS;Santo Tirso;http://upload.wikimedia.org/wikipedia/commons/thumb/5/50/LocalSantoTirso.svg/560px-LocalSantoTirso.svg.png;136.60;71530;
VLG;Valongo;http://upload.wikimedia.org/wikipedia/commons/thumb/9/90/LocalValongo.svg/560px-LocalValongo.svg.png;75.12;93858;
VCD;Vila do Conde;http://upload.wikimedia.org/wikipedia/commons/thumb/a/a6/LocalVilaDoConde.svg/560px-LocalVilaDoConde.svg.png;149.03;79533;
VNG;Vila Nova de Gaia;http://upload.wikimedia.org/wikipedia/commons/thumb/b/ba/LocalVilaNovaDeGaia.svg/560px-LocalVilaNovaDeGaia.svg.png;168.46;304 149<sup id="cite_ref-censos_2021_1-0" class="reference">;
TRF;Trofa;http://upload.wikimedia.org/wikipedia/commons/thumb/9/99/LocalTrofa.svg/560px-LocalTrofa.svg.png;72.02;38999;
ABT;Abrantes;http://upload.wikimedia.org/wikipedia/commons/thumb/e/ee/LocalAbrantes.svg/560px-LocalAbrantes.svg.png;714.69;34351;
ACN;Alcanena;http://upload.wikimedia.org/wikipedia/commons/thumb/f/fd/LocalAlcanena.svg/560px-LocalAlcanena.svg.png;137.33;20604;
ALR;Almeirim;http://upload.wikimedia.org/wikipedia/commons/thumb/0/07/LocalAlmeirim.svg/560px-LocalAlmeirim.svg.png;222.12;22016;
APC;Alpiarça;http://upload.wikimedia.org/wikipedia/commons/thumb/f/fe/LocalAlpiarca.svg/560px-LocalAlpiarca.svg.png;95.36;6976;
BNV;Benavente;http://upload.wikimedia.org/wikipedia/commons/thumb/b/b1/LocalBenavente.svg/560px-LocalBenavente.svg.png;521.38;29716;
CTX;Cartaxo;http://upload.wikimedia.org/wikipedia/commons/thumb/8/8d/LocalCartaxo.svg/560px-LocalCartaxo.svg.png;158.17;23187;
CHM;Chamusca;http://upload.wikimedia.org/wikipedia/commons/thumb/9/93/LocalChamusca.svg/560px-LocalChamusca.svg.png;746.01;8530;
CNS;Constância;http://upload.wikimedia.org/wikipedia/commons/thumb/6/6a/LocalConstancia.svg/560px-LocalConstancia.svg.png;80.37;4056;
CCH;Coruche;http://upload.wikimedia.org/wikipedia/commons/thumb/1/18/LocalCoruche.svg/560px-LocalCoruche.svg.png;1115.72;17356;
ENT;Entroncamento;http://upload.wikimedia.org/wikipedia/commons/thumb/5/5d/LocalEntroncamento.svg/560px-LocalEntroncamento.svg.png;13.73;20206;
FZZ;Ferreira do Zêzere;http://upload.wikimedia.org/wikipedia/commons/thumb/1/14/LocalFerreiraDoZezere.svg/560px-LocalFerreiraDoZezere.svg.png;190.38;8619;
GLG;Golegã;http://upload.wikimedia.org/wikipedia/commons/thumb/1/1f/LocalGolega.svg/560px-LocalGolega.svg.png;84.32;5400;
MAC;Mação;http://upload.wikimedia.org/wikipedia/commons/thumb/0/02/LocalMacao.svg/560px-LocalMacao.svg.png;399.98;7338;
RMR;Rio Maior;http://upload.wikimedia.org/wikipedia/commons/thumb/5/56/LocalRioMaior.svg/560px-LocalRioMaior.svg.png;272.76;21005;
SMG;Salvaterra de Magos;http://upload.wikimedia.org/wikipedia/commons/thumb/f/f2/LocalSalvaterraDeMagos.svg/560px-LocalSalvaterraDeMagos.svg.png;243.93;22613;
STR;Santarém;http://upload.wikimedia.org/wikipedia/commons/thumb/f/f4/LocalSantarem.svg/560px-LocalSantarem.svg.png;552.54;58671;
SRD;Sardoal;http://upload.wikimedia.org/wikipedia/commons/thumb/5/5b/LocalSardoal.svg/560px-LocalSardoal.svg.png;92.15;3939;
TMR;Tomar;http://upload.wikimedia.org/wikipedia/commons/thumb/b/b4/LocalTomar.svg/560px-LocalTomar.svg.png;351.2<sup id="cite_ref-geografia_1-0" class="reference">;36444;
TNV;Torres Novas;http://upload.wikimedia.org/wikipedia/commons/thumb/4/4b/LocalTorresNovas.svg/560px-LocalTorresNovas.svg.png;270;34149;
VNB;Vila Nova da Barquinha;http://upload.wikimedia.org/wikipedia/commons/thumb/a/a6/LocalVilaNovaDaBarquinha.svg/560px-LocalVilaNovaDaBarquinha.svg.png;49.53;7322;
ORM;Ourém;http://upload.wikimedia.org/wikipedia/commons/thumb/c/c3/LocalVilaNovaDeOurem.svg/560px-LocalVilaNovaDeOurem.svg.png;416.68;44576;
ASL;Alcácer do Sal;http://upload.wikimedia.org/wikipedia/commons/thumb/7/7d/LocalAlcacerDoSal.svg/560px-LocalAlcacerDoSal.svg.png;1499.87;11113;
ACH;Alcochete;http://upload.wikimedia.org/wikipedia/commons/thumb/3/34/LocalAlcochete.svg/560px-LocalAlcochete.svg.png;128.36;19145;
ALM;Almada;http://upload.wikimedia.org/wikipedia/commons/thumb/0/05/LocalAlmada.svg/560px-LocalAlmada.svg.png;70.21;177268;
BRR;Barreiro;http://upload.wikimedia.org/wikipedia/commons/thumb/7/79/LocalBarreiro.svg/560px-LocalBarreiro.svg.png;36.39;78 359;
GDL;Grândola;http://upload.wikimedia.org/wikipedia/commons/thumb/c/cc/LocalGrandola.svg/560px-LocalGrandola.svg.png;825.94;13823;
MTA;Moita;http://upload.wikimedia.org/wikipedia/commons/thumb/6/69/LocalMoita.svg/560px-LocalMoita.svg.png;55.26;66262;
MTJ;Montijo;http://upload.wikimedia.org/wikipedia/commons/thumb/3/32/LocalMontijo.svg/560px-LocalMontijo.svg.png;348.62;55689;
PLM;Palmela;http://upload.wikimedia.org/wikipedia/commons/thumb/b/be/LocalPalmela.svg/560px-LocalPalmela.svg.png;465.12;68856;
STC;Santiago do Cacém;http://upload.wikimedia.org/wikipedia/commons/thumb/6/62/LocalSantiagoDoCacem.svg/560px-LocalSantiagoDoCacem.svg.png;1059.77;27773;
SXL;Seixal;http://upload.wikimedia.org/wikipedia/commons/thumb/4/46/LocalSeixal.svg/560px-LocalSeixal.svg.png;95.50;166525;
SSB;Sesimbra;http://upload.wikimedia.org/wikipedia/commons/thumb/5/53/LocalSesimbra.svg/560px-LocalSesimbra.svg.png;195.47;52465;
STB;Setúbal;http://upload.wikimedia.org/wikipedia/commons/thumb/c/cb/LocalSetubal.svg/560px-LocalSetubal.svg.png;230.33;123519;
SNS;Sines;http://upload.wikimedia.org/wikipedia/commons/thumb/e/ee/LocalSines.svg/560px-LocalSines.svg.png;132.42;14214;
AVV;Arcos de Valdevez;http://upload.wikimedia.org/wikipedia/commons/thumb/5/51/LocalArcosDeValdevez.svg/560px-LocalArcosDeValdevez.svg.png;447.60;22847;
CMN;Caminha;http://upload.wikimedia.org/wikipedia/commons/thumb/4/4e/LocalCaminha.svg/560px-LocalCaminha.svg.png;136.52;16684;
MLG;Melgaço;http://upload.wikimedia.org/wikipedia/commons/thumb/4/4d/LocalMelgaco.svg/560px-LocalMelgaco.svg.png;238.25;7776;
MNC;Monção;http://upload.wikimedia.org/wikipedia/commons/thumb/8/85/LocalMoncao.svg/560px-LocalMoncao.svg.png;211.31;19230;
PCR;Paredes de Coura;http://upload.wikimedia.org/wikipedia/commons/thumb/d/d1/LocalParedesDeCoura.svg/560px-LocalParedesDeCoura.svg.png;138.19;9198;
PTB;Ponte da Barca;http://upload.wikimedia.org/wikipedia/commons/thumb/4/4e/LocalPonteDaBarca.svg/560px-LocalPonteDaBarca.svg.png;182.11;12061;
PTL;Ponte de Lima;http://upload.wikimedia.org/wikipedia/commons/thumb/0/09/LocalPonteDeLima.svg/560px-LocalPonteDeLima.svg.png;320.25;43498;
VLN;Valença;http://upload.wikimedia.org/wikipedia/commons/thumb/2/2c/LocalValenca.svg/560px-LocalValenca.svg.png;117.13;13634;
VCT;Viana do Castelo;http://upload.wikimedia.org/wikipedia/commons/thumb/5/54/LocalVianaDoCastelo.svg/560px-LocalVianaDoCastelo.svg.png;319.02;85784;
VNC;Vila Nova de Cerveira;http://upload.wikimedia.org/wikipedia/commons/thumb/7/73/LocalVilaNovaDeCerveira.svg/560px-LocalVilaNovaDeCerveira.svg.png;108.47;9253;
ALJ;Alijó;http://upload.wikimedia.org/wikipedia/commons/thumb/6/68/LocalAlijo.svg/560px-LocalAlijo.svg.png;297.60;10492;
BTC;Boticas;http://upload.wikimedia.org/wikipedia/commons/thumb/9/9e/LocalBoticas.svg/560px-LocalBoticas.svg.png;321.96;5750;
CHV;Chaves;http://upload.wikimedia.org/wikipedia/commons/thumb/d/d5/LocalChaves.svg/560px-LocalChaves.svg.png;591.23;41243;
MSF;Mesão Frio;http://upload.wikimedia.org/wikipedia/commons/thumb/5/53/LocalMesaoFrio.svg/560px-LocalMesaoFrio.svg.png;26.65;4433;
MDB;Mondim de Basto;http://upload.wikimedia.org/wikipedia/commons/thumb/f/f2/LocalMondimDeBasto.svg/560px-LocalMondimDeBasto.svg.png;172.08;6410;
MTR;Montalegre;http://upload.wikimedia.org/wikipedia/commons/thumb/d/d9/LocalMontalegre.svg/560px-LocalMontalegre.svg.png;805.46;10537;
MUR;Murça;http://upload.wikimedia.org/wikipedia/commons/thumb/0/06/LocalMurca.svg/560px-LocalMurca.svg.png;189.37;5245;
PRG;Peso da Régua;http://upload.wikimedia.org/wikipedia/commons/thumb/b/b4/LocalPesoDaRegua.svg/560px-LocalPesoDaRegua.svg.png;94.86;14553<sup id="cite_ref-INE2021Prov_1-0" class="reference">;
RPN;Ribeira de Pena;http://upload.wikimedia.org/wikipedia/commons/thumb/7/70/LocalRibeiraDePena.svg/560px-LocalRibeiraDePena.svg.png;217.46;5887;
SBS;Sabrosa;http://upload.wikimedia.org/wikipedia/commons/thumb/2/2b/LocalSabrosa.svg/560px-LocalSabrosa.svg.png;156.92;6361;
SMP;Santa Marta de Penaguião;http://upload.wikimedia.org/wikipedia/commons/thumb/2/2a/LocalSantaMartaDePenaguiao.svg/560px-LocalSantaMartaDePenaguiao.svg.png;69.28;7356;
VLP;Valpaços;http://upload.wikimedia.org/wikipedia/commons/thumb/f/f9/LocalValpacos.svg/560px-LocalValpacos.svg.png;548.74;16882;
VPA;Vila Pouca de Aguiar;http://upload.wikimedia.org/wikipedia/commons/thumb/b/ba/LocalVilaPoucaDeAguiar.svg/560px-LocalVilaPoucaDeAguiar.svg.png;437.07;11 813;
VRL;Vila Real;http://upload.wikimedia.org/wikipedia/commons/thumb/0/05/LocalVilaReal.svg/560px-LocalVilaReal.svg.png;378.80;49 574;
AMM;Armamar;http://upload.wikimedia.org/wikipedia/commons/thumb/8/86/LocalArmamar.svg/560px-LocalArmamar.svg.png;117.24;5 678;
CRS;Carregal do Sal;http://upload.wikimedia.org/wikipedia/commons/thumb/0/00/LocalCarregalDoSal.svg/560px-LocalCarregalDoSal.svg.png;116.89;9835;
CDR;Castro Daire;http://upload.wikimedia.org/wikipedia/commons/thumb/0/0a/LocalCastroDaire.svg/560px-LocalCastroDaire.svg.png;379.04;15339;
CNF;Cinfães;http://upload.wikimedia.org/wikipedia/commons/thumb/c/cc/LocalCinfaes.svg/560px-LocalCinfaes.svg.png;239.29;20427;
LMG;Lamego;http://upload.wikimedia.org/wikipedia/commons/thumb/0/0c/LocalLamego.svg/560px-LocalLamego.svg.png;165.42;26691;
MGL;Mangualde;http://upload.wikimedia.org/wikipedia/commons/thumb/f/fc/LocalMangualde.svg/560px-LocalMangualde.svg.png;219.26;19880;
MBR;Moimenta da Beira;http://upload.wikimedia.org/wikipedia/commons/thumb/7/70/LocalMoimentaDaBeira.svg/560px-LocalMoimentaDaBeira.svg.png;200.00;10.201;
MRT;Mortágua;http://upload.wikimedia.org/wikipedia/commons/thumb/1/14/LocalMortagua.svg/560px-LocalMortagua.svg.png;251.18;9607;
NLS;Nelas;http://upload.wikimedia.org/wikipedia/commons/thumb/a/a5/LocalNelas.svg/560px-LocalNelas.svg.png;125.71;13124;
OFR;Oliveira de Frades;http://upload.wikimedia.org/wikipedia/commons/thumb/f/f3/LocalOliveiraDeFrades.svg/560px-LocalOliveiraDeFrades.svg.png;147.45;9510;
PCT;Penalva do Castelo;http://upload.wikimedia.org/wikipedia/commons/thumb/3/32/LocalPenalvaDoCastelo.svg/560px-LocalPenalvaDoCastelo.svg.png;134.34;7956;
PND;Penedono;http://upload.wikimedia.org/wikipedia/commons/thumb/8/8c/LocalPenedono.svg/560px-LocalPenedono.svg.png;133.71;2952;
RSD;Resende;http://upload.wikimedia.org/wikipedia/commons/thumb/3/33/LocalResende.svg/560px-LocalResende.svg.png;123.35;11364;
SCD;Santa Comba Dão;http://upload.wikimedia.org/wikipedia/commons/thumb/9/9d/LocalSantaCombaDao.svg/560px-LocalSantaCombaDao.svg.png;111.95;11597;
SJP;São João da Pesqueira;http://upload.wikimedia.org/wikipedia/commons/thumb/c/cf/LocalSaoJoaoDaPesqueira.svg/560px-LocalSaoJoaoDaPesqueira.svg.png;266.11;7874;
SPS;São Pedro do Sul;http://upload.wikimedia.org/wikipedia/commons/thumb/7/7f/LocalSaoPedroDoSul.svg/560px-LocalSaoPedroDoSul.svg.png;348.95;16851;
SAT;Sátão;http://upload.wikimedia.org/wikipedia/commons/thumb/e/ed/LocalSatao.svg/560px-LocalSatao.svg.png;201.94;11026;
SRN;Sernancelhe;http://upload.wikimedia.org/wikipedia/commons/thumb/f/f8/LocalSernancelhe.svg/560px-LocalSernancelhe.svg.png;228.61;5671;
TBC;Tabuaço;http://upload.wikimedia.org/wikipedia/commons/thumb/b/be/LocalTabuaco.svg/560px-LocalTabuaco.svg.png;133.86;6350;
TRC;Tarouca;http://upload.wikimedia.org/wikipedia/commons/thumb/4/42/LocalTarouca.svg/560px-LocalTarouca.svg.png;100.08;8048;
TND;Tondela;http://upload.wikimedia.org/wikipedia/commons/thumb/7/78/LocalTondela.svg/560px-LocalTondela.svg.png;371.22;28946;
VNP;Vila Nova de Paiva;http://upload.wikimedia.org/wikipedia/commons/thumb/2/26/LocalVilaNovaDePaiva.svg/560px-LocalVilaNovaDePaiva.svg.png;175.53;5176;
VIS;Viseu;http://upload.wikimedia.org/wikipedia/commons/thumb/1/1d/LocalViseu.svg/560px-LocalViseu.svg.png;507.10;99561 <sup id="cite_ref-1" class="reference">;
VZL;Vouzela;http://upload.wikimedia.org/wikipedia/commons/thumb/9/9e/LocalVouzela.svg/560px-LocalVouzela.svg.png;193.69;10564;